file_path,file_name,phase
/content/drive/MyDrive/Emach-Structures-ML-Portfolio/Phase5_Colab/sample_images/03e0a9d3-2bcd0000.jpg,03e0a9d3-2bcd0000.jpg,Phase5_Colab
/content/drive/MyDrive/Emach-Structures-ML-Portfolio/Phase5_Colab/sample_images/6b2591b3-1ccc5250.jpg,6b2591b3-1ccc5250.jpg,Phase5_Colab
/content/drive/MyDrive/Emach-Structures-ML-Portfolio/Phase5_Colab/sample_images/6c0f4b52-fed90df4.jpg,6c0f4b52-fed90df4.jpg,Phase5_Colab
/content/drive/MyDrive/Emach-Structures-ML-Portfolio/Phase5_Colab/sample_images/99fda8cc-278dda16.jpg,99fda8cc-278dda16.jpg,Phase5_Colab
