query_index,query_file,match_1,match_2,match_3
0,/content/drive/MyDrive/Emach-Structures-ML-Portfolio/Phase5_Colab/sample_images/03e0a9d3-2bcd0000.jpg,/content/drive/MyDrive/Emach-Structures-ML-Portfolio/Phase5_Colab/sample_images/03e0a9d3-2bcd0000.jpg,/content/drive/MyDrive/Emach-Structures-ML-Portfolio/Phase5_Colab/sample_images/99fda8cc-278dda16.jpg,/content/drive/MyDrive/Emach-Structures-ML-Portfolio/Phase5_Colab/sample_images/6b2591b3-1ccc5250.jpg
1,/content/drive/MyDrive/Emach-Structures-ML-Portfolio/Phase5_Colab/sample_images/6b2591b3-1ccc5250.jpg,/content/drive/MyDrive/Emach-Structures-ML-Portfolio/Phase5_Colab/sample_images/6b2591b3-1ccc5250.jpg,/content/drive/MyDrive/Emach-Structures-ML-Portfolio/Phase5_Colab/sample_images/99fda8cc-278dda16.jpg,/content/drive/MyDrive/Emach-Structures-ML-Portfolio/Phase5_Colab/sample_images/6c0f4b52-fed90df4.jpg
2,/content/drive/MyDrive/Emach-Structures-ML-Portfolio/Phase5_Colab/sample_images/6c0f4b52-fed90df4.jpg,/content/drive/MyDrive/Emach-Structures-ML-Portfolio/Phase5_Colab/sample_images/6c0f4b52-fed90df4.jpg,/content/drive/MyDrive/Emach-Structures-ML-Portfolio/Phase5_Colab/sample_images/6b2591b3-1ccc5250.jpg,/content/drive/MyDrive/Emach-Structures-ML-Portfolio/Phase5_Colab/sample_images/03e0a9d3-2bcd0000.jpg
3,/content/drive/MyDrive/Emach-Structures-ML-Portfolio/Phase5_Colab/sample_images/99fda8cc-278dda16.jpg,/content/drive/MyDrive/Emach-Structures-ML-Portfolio/Phase5_Colab/sample_images/99fda8cc-278dda16.jpg,/content/drive/MyDrive/Emach-Structures-ML-Portfolio/Phase5_Colab/sample_images/03e0a9d3-2bcd0000.jpg,/content/drive/MyDrive/Emach-Structures-ML-Portfolio/Phase5_Colab/sample_images/6b2591b3-1ccc5250.jpg
